{"timestamps": [1509807677.6947086, 1509807683.3788128, 1509807683.7830322, 1509807684.1718566, 1509807684.6981518, 1509807685.2672594, 1509807685.5471575, 1509807685.787015, 1509807692.044428, 1509807692.667106], "episode_lengths": [578, 438, 391, 522, 601, 603, 372, 367, 485, 617], "episode_rewards": [150.1781822511792, 182.37513595367844, 169.42999628389597, 146.62188134281078, 183.40391646145395, 166.75936449141597, 135.95071115437764, 158.1252067257443, 151.79278059817636, 189.87694394559617], "episode_types": ["t", "t", "t", "t", "t", "t", "t", "t", "t", "t"], "initial_reset_timestamp": 1509807670.2054853}