{"episode_lengths": [10000, 10000, 10000, 10000, 7205, 10000, 1132, 10000], "initial_reset_timestamp": 1510557220.9099824, "episode_rewards": [-10000.0, -10000.0, -10000.0, -10000.0, -7205.0, -10000.0, -1132.0, -10000.0], "episode_types": ["t", "t", "t", "t", "t", "t", "t", "t", "t"], "timestamps": [1510557221.7594922, 1510557222.5313275, 1510557223.3720527, 1510557224.1983283, 1510557224.763021, 1510557225.5321972, 1510557225.6137185, 1510557226.3472362]}